{
    "means": {
        "shape": [
            171556,
            3
        ],
        "dtype": "float32",
        "mins": [
            -0.8883962514685471,
            -0.934676130316421,
            -0.9799035818094561
        ],
        "maxs": [
            1.0789298099651086,
            1.0000735988756917,
            1.0460676099743438
        ],
        "files": [
            "means_l.webp",
            "means_u.webp"
        ]
    },
    "scales": {
        "shape": [
            171556,
            3
        ],
        "dtype": "float32",
        "mins": [
            -16.903587341308594,
            -17.186996459960938,
            -17.472881317138672
        ],
        "maxs": [
            -0.9209786653518677,
            -1.1277903318405151,
            -1.199489951133728
        ],
        "files": [
            "scales.webp"
        ]
    },
    "quats": {
        "shape": [
            171556,
            4
        ],
        "dtype": "uint8",
        "encoding": "quaternion_packed",
        "files": [
            "quats.webp"
        ]
    },
    "sh0": {
        "shape": [
            171556,
            1,
            4
        ],
        "dtype": "float32",
        "mins": [
            -1.7724539041519165,
            -1.7724539041519165,
            -1.7724539041519165,
            -13.815509796142578
        ],
        "maxs": [
            1.7585521936416626,
            1.7585521936416626,
            1.7585521936416626,
            5.537334442138672
        ],
        "files": [
            "sh0.webp"
        ]
    }
}