{
    "means": {
        "shape": [
            144325,
            3
        ],
        "dtype": "float32",
        "mins": [
            -0.2803314253092947,
            -0.5590006832220005,
            -0.18495056437834745
        ],
        "maxs": [
            0.3010521618624981,
            0.5597462965609611,
            0.2986599868256699
        ],
        "files": [
            "means_l.webp",
            "means_u.webp"
        ]
    },
    "scales": {
        "shape": [
            144325,
            3
        ],
        "dtype": "float32",
        "mins": [
            -22.053565979003906,
            -11.793002128601074,
            -15.08599853515625
        ],
        "maxs": [
            -4.436849594116211,
            -2.658271312713623,
            -3.0922086238861084
        ],
        "files": [
            "scales.webp"
        ]
    },
    "quats": {
        "shape": [
            144325,
            4
        ],
        "dtype": "uint8",
        "encoding": "quaternion_packed",
        "files": [
            "quats.webp"
        ]
    },
    "sh0": {
        "shape": [
            144325,
            1,
            4
        ],
        "dtype": "float32",
        "mins": [
            -1.7724539041519165,
            -1.7724539041519165,
            -1.7724539041519165,
            -13.815509796142578
        ],
        "maxs": [
            1.7585521936416626,
            1.7585521936416626,
            1.7585521936416626,
            13.815509796142578
        ],
        "files": [
            "sh0.webp"
        ]
    }
}